Date,Message
2021-06-15T09:30:00.000-04:00,"TR DETECTED: Support=208, Resistance=252.165, Len=20, SlopeUp=false"
2021-06-22T09:30:00.000-04:00,SPRING: conf=0.76 [close=0.284 reclaim=0.102 vol=0.133 age=0.142 tests=0.1] pivot=217.4 pivotAge=9b
2021-06-28T09:30:00.000-04:00,"SOS CONFIRMED: rally=17.692% low=210.77 high=248.06 bars=4 avgVol=4,976,883.25 adjMinRally=3.5"
2021-06-28T09:30:00.000-04:00,SCORE_CORE: raw=40 capped=40 cap=100 | HL=25(val=8.716) VolDry=0(vol%=149.673 adj=70) Supply=-15 Spread=0(atr%=185.385 adj=85) PB=15(pct=58.809)
2021-06-28T09:30:00.000-04:00,SCORE_STRUCT: Effort=-10(abs=false sup=true) Events=0 Ghost=0 Spring=0(conf=0) SOT=0 HeldMid=0 Slope=0 VP=10 VPOCmig=0 VAprog=0
2021-06-28T09:30:00.000-04:00,SCORE_BONUS: Power=0 AccBias=5 RSI=5 SFlip=0 HTF=0 RS=0 Ctrl=0 VolDecl=5 VolCon=0 STup=0 SOSbar=5 PhB=0 PShape=5 bShape=0 FinAuc=5 OEL=0 Unfin=0
2021-06-28T09:30:00.000-04:00,SCORE_PENALTY: Climax=0 Stall=0 Failed=0 | regime=1 vpBins=34 vpRatio=1.185
2021-06-29T09:30:00.000-04:00,SCORE_CORE: raw=52 capped=52 cap=100 | HL=25(val=8.716) VolDry=0(vol%=153.877 adj=70) Supply=-15 Spread=2(atr%=137.593 adj=85) PB=15(pct=58.809)
2021-06-29T09:30:00.000-04:00,SCORE_STRUCT: Effort=-10(abs=false sup=true) Events=0 Ghost=0 Spring=0(conf=0) SOT=0 HeldMid=0 Slope=0 VP=10 VPOCmig=0 VAprog=0
2021-06-29T09:30:00.000-04:00,SCORE_BONUS: Power=0 AccBias=5 RSI=5 SFlip=0 HTF=0 RS=0 Ctrl=0 VolDecl=5 VolCon=0 STup=0 SOSbar=5 PhB=0 PShape=0 bShape=0 FinAuc=5 OEL=0 Unfin=0
2021-06-29T09:30:00.000-04:00,SCORE_PENALTY: Climax=0 Stall=0 Failed=0 | regime=1 vpBins=41 vpRatio=0.721
2021-06-30T09:30:00.000-04:00,SCORE_CORE: raw=55 capped=55 cap=100 | HL=25(val=8.716) VolDry=0(vol%=130.336 adj=70) Supply=-15 Spread=5(atr%=115.838 adj=85) PB=15(pct=58.809)
2021-06-30T09:30:00.000-04:00,SCORE_STRUCT: Effort=-10(abs=false sup=true) Events=0 Ghost=0 Spring=0(conf=0) SOT=0 HeldMid=0 Slope=0 VP=10 VPOCmig=0 VAprog=0
2021-06-30T09:30:00.000-04:00,SCORE_BONUS: Power=0 AccBias=5 RSI=5 SFlip=0 HTF=0 RS=0 Ctrl=0 VolDecl=5 VolCon=0 STup=0 SOSbar=5 PhB=0 PShape=0 bShape=0 FinAuc=5 OEL=0 Unfin=0
2021-06-30T09:30:00.000-04:00,SCORE_PENALTY: Climax=0 Stall=0 Failed=0 | regime=1 vpBins=41 vpRatio=0.763
2021-06-30T09:30:00.000-04:00,LPS ENTRY: price=253.3 score=55 mode=Close Above SOS Midpoint spring=false(conf=0) closeStr=0.821 volOk=true bars=3 pullback=58.809%
2021-07-06T09:30:00.000-04:00,SCORE_CORE: raw=110 capped=100 cap=100 | HL=25(val=12.51) VolDry=25(vol%=44.458 adj=70) Supply=0 Spread=15(atr%=78.403 adj=85) PB=15(pct=34.273)
2021-07-06T09:30:00.000-04:00,SCORE_STRUCT: Effort=0(abs=false sup=false) Events=0 Ghost=0 Spring=0(conf=0) SOT=0 HeldMid=0 Slope=0 VP=10 VPOCmig=0 VAprog=0
2021-07-06T09:30:00.000-04:00,SCORE_BONUS: Power=0 AccBias=5 RSI=5 SFlip=0 HTF=0 RS=0 Ctrl=0 VolDecl=0 VolCon=0 STup=0 SOSbar=5 PhB=0 PShape=0 bShape=0 FinAuc=5 OEL=0 Unfin=0
2021-07-06T09:30:00.000-04:00,SCORE_PENALTY: Climax=0 Stall=0 Failed=0 | regime=1 vpBins=41 vpRatio=0.846
2021-07-07T09:30:00.000-04:00,SCORE_CORE: raw=100 capped=100 cap=100 | HL=25(val=11.7) VolDry=15(vol%=70.496 adj=70) Supply=0 Spread=5(atr%=122.346 adj=85) PB=15(pct=38.788)
2021-07-07T09:30:00.000-04:00,SCORE_STRUCT: Effort=0(abs=false sup=false) Events=0 Ghost=0 Spring=0(conf=0) SOT=0 HeldMid=0 Slope=0 VP=10 VPOCmig=0 VAprog=0
2021-07-07T09:30:00.000-04:00,SCORE_BONUS: Power=0 AccBias=5 RSI=5 SFlip=0 HTF=0 RS=0 Ctrl=0 VolDecl=5 VolCon=5 STup=0 SOSbar=5 PhB=0 PShape=0 bShape=0 FinAuc=5 OEL=0 Unfin=0
2021-07-07T09:30:00.000-04:00,SCORE_PENALTY: Climax=0 Stall=0 Failed=0 | regime=1 vpBins=41 vpRatio=0.894
2021-07-07T09:30:00.000-04:00,LPS ENTRY: price=251.97 score=100 mode=Close Above SOS Midpoint spring=false(conf=0) closeStr=0.951 volOk=true bars=2 pullback=38.788%
2021-07-14T09:30:00.000-04:00,SCORE_CORE: raw=55 capped=55 cap=85 | HL=25(val=10.173) VolDry=8(vol%=96.615 adj=70) Supply=-5 Spread=2(atr%=148.917 adj=85) PB=15(pct=53.607)
2021-07-14T09:30:00.000-04:00,SCORE_STRUCT: Effort=-10(abs=false sup=true) Events=0 Ghost=0 Spring=0(conf=0) SOT=0 HeldMid=0 Slope=0 VP=5 VPOCmig=0 VAprog=0
2021-07-14T09:30:00.000-04:00,SCORE_BONUS: Power=0 AccBias=5 RSI=5 SFlip=0 HTF=0 RS=0 Ctrl=0 VolDecl=5 VolCon=5 STup=0 SOSbar=5 PhB=0 PShape=0 bShape=0 FinAuc=5 OEL=0 Unfin=0
2021-07-14T09:30:00.000-04:00,SCORE_PENALTY: Climax=0 Stall=-15 Failed=0 | regime=1 vpBins=41 vpRatio=1.088
2021-07-15T09:30:00.000-04:00,SCORE_CORE: raw=55 capped=55 cap=85 | HL=25(val=5.947) VolDry=8(vol%=84.836 adj=70) Supply=0 Spread=2(atr%=130.48 adj=85) PB=0(pct=77.179)
2021-07-15T09:30:00.000-04:00,SCORE_STRUCT: Effort=0(abs=false sup=false) Events=0 Ghost=0 Spring=0(conf=0) SOT=0 HeldMid=0 Slope=0 VP=5 VPOCmig=0 VAprog=0
2021-07-15T09:30:00.000-04:00,SCORE_BONUS: Power=0 AccBias=5 RSI=5 SFlip=0 HTF=0 RS=0 Ctrl=0 VolDecl=5 VolCon=5 STup=0 SOSbar=5 PhB=0 PShape=0 bShape=0 FinAuc=5 OEL=0 Unfin=0
2021-07-15T09:30:00.000-04:00,SCORE_PENALTY: Climax=0 Stall=-15 Failed=0 | regime=1 vpBins=41 vpRatio=1.049
2021-07-16T09:30:00.000-04:00,SCORE_CORE: raw=60 capped=60 cap=85 | HL=25(val=5.947) VolDry=15(vol%=79.149 adj=70) Supply=0 Spread=5(atr%=116.743 adj=85) PB=0(pct=77.179)
2021-07-16T09:30:00.000-04:00,SCORE_STRUCT: Effort=0(abs=false sup=false) Events=0 Ghost=0 Spring=0(conf=0) SOT=0 HeldMid=0 Slope=0 VP=5 VPOCmig=0 VAprog=0
2021-07-16T09:30:00.000-04:00,SCORE_BONUS: Power=0 AccBias=5 RSI=5 SFlip=0 HTF=0 RS=0 Ctrl=0 VolDecl=5 VolCon=0 STup=0 SOSbar=5 PhB=0 PShape=0 bShape=0 FinAuc=5 OEL=0 Unfin=0
2021-07-16T09:30:00.000-04:00,SCORE_PENALTY: Climax=0 Stall=-15 Failed=0 | regime=1 vpBins=41 vpRatio=1.016
2021-07-19T09:30:00.000-04:00,SCORE_CORE: raw=60 capped=60 cap=85 | HL=25(val=2.51) VolDry=15(vol%=75.181 adj=70) Supply=0 Spread=5(atr%=105.505 adj=85) PB=0(pct=96.353)
2021-07-19T09:30:00.000-04:00,SCORE_STRUCT: Effort=0(abs=false sup=false) Events=0 Ghost=0 Spring=0(conf=0) SOT=0 HeldMid=0 Slope=0 VP=5 VPOCmig=0 VAprog=0
2021-07-19T09:30:00.000-04:00,SCORE_BONUS: Power=0 AccBias=5 RSI=5 SFlip=0 HTF=0 RS=0 Ctrl=0 VolDecl=5 VolCon=0 STup=0 SOSbar=5 PhB=0 PShape=0 bShape=0 FinAuc=5 OEL=0 Unfin=0
2021-07-19T09:30:00.000-04:00,SCORE_PENALTY: Climax=0 Stall=-15 Failed=0 | regime=1 vpBins=41 vpRatio=0.987
2021-08-06T09:30:00.000-04:00,"SOS CONFIRMED: rally=23.763% low=213.23 high=263.9 bars=7 avgVol=4,301,323.571 adjMinRally=3.5"
2021-08-06T09:30:00.000-04:00,SCORE_CORE: raw=75 capped=75 cap=100 | HL=25(val=18.722) VolDry=0(vol%=129.726 adj=70) Supply=-10 Spread=5(atr%=111.306 adj=85) PB=15(pct=26.978)
2021-08-06T09:30:00.000-04:00,SCORE_STRUCT: Effort=-10(abs=false sup=true) Events=5 Ghost=0 Spring=0(conf=0) SOT=0 HeldMid=0 Slope=0 VP=10 VPOCmig=0 VAprog=0
2021-08-06T09:30:00.000-04:00,SCORE_BONUS: Power=0 AccBias=5 RSI=5 SFlip=0 HTF=0 RS=0 Ctrl=0 VolDecl=0 VolCon=0 STup=0 SOSbar=0 PhB=0 PShape=0 bShape=0 FinAuc=5 OEL=0 Unfin=0
2021-08-06T09:30:00.000-04:00,SCORE_PENALTY: Climax=0 Stall=0 Failed=0 | regime=1 vpBins=53 vpRatio=1.074
2021-08-09T09:30:00.000-04:00,SCORE_CORE: raw=70 capped=70 cap=100 | HL=25(val=18.722) VolDry=0(vol%=168.231 adj=70) Supply=-15 Spread=5(atr%=108.906 adj=85) PB=15(pct=26.978)
2021-08-09T09:30:00.000-04:00,SCORE_STRUCT: Effort=-10(abs=false sup=true) Events=5 Ghost=0 Spring=0(conf=0) SOT=0 HeldMid=0 Slope=0 VP=10 VPOCmig=0 VAprog=0
2021-08-09T09:30:00.000-04:00,SCORE_BONUS: Power=0 AccBias=5 RSI=5 SFlip=0 HTF=0 RS=0 Ctrl=0 VolDecl=0 VolCon=0 STup=0 SOSbar=0 PhB=0 PShape=0 bShape=0 FinAuc=5 OEL=0 Unfin=0
2021-08-09T09:30:00.000-04:00,SCORE_PENALTY: Climax=0 Stall=0 Failed=0 | regime=1 vpBins=53 vpRatio=1.02
2021-08-09T09:30:00.000-04:00,LPS ENTRY: price=280.47 score=70 mode=Close Above SOS Midpoint spring=false(conf=0) closeStr=0.869 volOk=true bars=2 pullback=26.978%
2021-08-13T09:30:00.000-04:00,SCORE_CORE: raw=103 capped=100 cap=100 | HL=25(val=23.343) VolDry=8(vol%=103.987 adj=70) Supply=-5 Spread=15(atr%=45.034 adj=85) PB=15(pct=15.354)
2021-08-13T09:30:00.000-04:00,SCORE_STRUCT: Effort=0(abs=false sup=false) Events=5 Ghost=0 Spring=0(conf=0) SOT=0 HeldMid=0 Slope=0 VP=10 VPOCmig=0 VAprog=0
2021-08-13T09:30:00.000-04:00,SCORE_BONUS: Power=0 AccBias=5 RSI=5 SFlip=0 HTF=0 RS=0 Ctrl=0 VolDecl=0 VolCon=0 STup=0 SOSbar=0 PhB=0 PShape=0 bShape=0 FinAuc=5 OEL=0 Unfin=0
2021-08-13T09:30:00.000-04:00,SCORE_PENALTY: Climax=0 Stall=0 Failed=0 | regime=1 vpBins=53 vpRatio=0.99
2021-08-16T09:30:00.000-04:00,SCORE_CORE: raw=103 capped=100 cap=100 | HL=25(val=20.322) VolDry=8(vol%=89.669 adj=70) Supply=0 Spread=15(atr%=64.148 adj=85) PB=15(pct=27.922)
2021-08-16T09:30:00.000-04:00,SCORE_STRUCT: Effort=0(abs=false sup=false) Events=5 Ghost=0 Spring=0(conf=0) SOT=0 HeldMid=0 Slope=0 VP=10 VPOCmig=0 VAprog=0
2021-08-16T09:30:00.000-04:00,SCORE_BONUS: Power=0 AccBias=5 RSI=5 SFlip=0 HTF=0 RS=0 Ctrl=0 VolDecl=0 VolCon=0 STup=0 SOSbar=0 PhB=0 PShape=0 bShape=0 FinAuc=5 OEL=0 Unfin=0
2021-08-16T09:30:00.000-04:00,SCORE_PENALTY: Climax=0 Stall=0 Failed=0 | regime=1 vpBins=53 vpRatio=1.067
2021-08-17T09:30:00.000-04:00,SCORE_CORE: raw=110 capped=100 cap=100 | HL=25(val=16.824) VolDry=15(vol%=83.819 adj=70) Supply=0 Spread=15(atr%=76.489 adj=85) PB=15(pct=42.471)
2021-08-17T09:30:00.000-04:00,SCORE_STRUCT: Effort=0(abs=false sup=false) Events=5 Ghost=0 Spring=0(conf=0) SOT=0 HeldMid=0 Slope=0 VP=10 VPOCmig=0 VAprog=0
2021-08-17T09:30:00.000-04:00,SCORE_BONUS: Power=0 AccBias=5 RSI=5 SFlip=0 HTF=0 RS=0 Ctrl=0 VolDecl=0 VolCon=0 STup=0 SOSbar=0 PhB=0 PShape=0 bShape=0 FinAuc=5 OEL=0 Unfin=0
2021-08-17T09:30:00.000-04:00,SCORE_PENALTY: Climax=0 Stall=0 Failed=0 | regime=1 vpBins=53 vpRatio=1.134
2021-08-18T09:30:00.000-04:00,SCORE_CORE: raw=115 capped=100 cap=100 | HL=25(val=15.652) VolDry=15(vol%=77.772 adj=70) Supply=0 Spread=15(atr%=77.359 adj=85) PB=15(pct=47.346)
2021-08-18T09:30:00.000-04:00,SCORE_STRUCT: Effort=0(abs=false sup=false) Events=5 Ghost=0 Spring=0(conf=0) SOT=0 HeldMid=0 Slope=0 VP=10 VPOCmig=0 VAprog=0
2021-08-18T09:30:00.000-04:00,SCORE_BONUS: Power=0 AccBias=5 RSI=5 SFlip=0 HTF=0 RS=0 Ctrl=0 VolDecl=0 VolCon=0 STup=0 SOSbar=0 PhB=0 PShape=5 bShape=0 FinAuc=5 OEL=0 Unfin=0
2021-08-18T09:30:00.000-04:00,SCORE_PENALTY: Climax=0 Stall=0 Failed=0 | regime=1 vpBins=53 vpRatio=1.248
2021-08-19T09:30:00.000-04:00,SCORE_CORE: raw=115 capped=100 cap=100 | HL=25(val=13.485) VolDry=15(vol%=77.316 adj=70) Supply=0 Spread=15(atr%=78.319 adj=85) PB=15(pct=56.362)
2021-08-19T09:30:00.000-04:00,SCORE_STRUCT: Effort=0(abs=false sup=false) Events=5 Ghost=0 Spring=0(conf=0) SOT=0 HeldMid=0 Slope=0 VP=10 VPOCmig=0 VAprog=0
2021-08-19T09:30:00.000-04:00,SCORE_BONUS: Power=0 AccBias=5 RSI=5 SFlip=0 HTF=0 RS=0 Ctrl=0 VolDecl=0 VolCon=0 STup=0 SOSbar=0 PhB=0 PShape=5 bShape=0 FinAuc=5 OEL=0 Unfin=0
2021-08-19T09:30:00.000-04:00,SCORE_PENALTY: Climax=0 Stall=0 Failed=0 | regime=1 vpBins=53 vpRatio=1.405
2021-08-20T09:30:00.000-04:00,SCORE_CORE: raw=125 capped=100 cap=100 | HL=25(val=13.485) VolDry=15(vol%=80.05 adj=70) Supply=0 Spread=15(atr%=76.937 adj=85) PB=15(pct=56.362)
2021-08-20T09:30:00.000-04:00,SCORE_STRUCT: Effort=0(abs=false sup=false) Events=5 Ghost=0 Spring=0(conf=0) SOT=0 HeldMid=0 Slope=0 VP=10 VPOCmig=0 VAprog=0
2021-08-20T09:30:00.000-04:00,SCORE_BONUS: Power=0 AccBias=5 RSI=5 SFlip=0 HTF=0 RS=0 Ctrl=0 VolDecl=0 VolCon=0 STup=0 SOSbar=0 PhB=0 PShape=5 bShape=0 FinAuc=5 OEL=0 Unfin=0
2021-08-20T09:30:00.000-04:00,SCORE_PENALTY: Climax=0 Stall=0 Failed=0 | regime=1 vpBins=53 vpRatio=1.539
2021-08-23T09:30:00.000-04:00,SCORE_CORE: raw=118 capped=100 cap=100 | HL=25(val=13.485) VolDry=8(vol%=87.563 adj=70) Supply=0 Spread=15(atr%=78.837 adj=85) PB=15(pct=56.362)
2021-08-23T09:30:00.000-04:00,SCORE_STRUCT: Effort=0(abs=false sup=false) Events=5 Ghost=0 Spring=0(conf=0) SOT=0 HeldMid=0 Slope=0 VP=10 VPOCmig=0 VAprog=0
2021-08-23T09:30:00.000-04:00,SCORE_BONUS: Power=0 AccBias=5 RSI=5 SFlip=0 HTF=0 RS=0 Ctrl=0 VolDecl=0 VolCon=0 STup=0 SOSbar=0 PhB=0 PShape=5 bShape=0 FinAuc=5 OEL=0 Unfin=0
2021-08-23T09:30:00.000-04:00,SCORE_PENALTY: Climax=0 Stall=0 Failed=0 | regime=1 vpBins=53 vpRatio=1.675
2021-08-24T09:30:00.000-04:00,SCORE_CORE: raw=118 capped=100 cap=100 | HL=25(val=13.485) VolDry=8(vol%=88.192 adj=70) Supply=0 Spread=15(atr%=78.164 adj=85) PB=15(pct=56.362)
2021-08-24T09:30:00.000-04:00,SCORE_STRUCT: Effort=0(abs=false sup=false) Events=5 Ghost=0 Spring=0(conf=0) SOT=0 HeldMid=0 Slope=0 VP=10 VPOCmig=0 VAprog=0
2021-08-24T09:30:00.000-04:00,SCORE_BONUS: Power=0 AccBias=5 RSI=5 SFlip=0 HTF=0 RS=0 Ctrl=0 VolDecl=0 VolCon=0 STup=0 SOSbar=0 PhB=0 PShape=5 bShape=0 FinAuc=5 OEL=0 Unfin=0
2021-08-24T09:30:00.000-04:00,SCORE_PENALTY: Climax=0 Stall=0 Failed=0 | regime=1 vpBins=53 vpRatio=1.901
2021-08-25T09:30:00.000-04:00,SCORE_CORE: raw=118 capped=100 cap=100 | HL=25(val=13.485) VolDry=8(vol%=85.303 adj=70) Supply=0 Spread=15(atr%=77.622 adj=85) PB=15(pct=56.362)
2021-08-25T09:30:00.000-04:00,SCORE_STRUCT: Effort=0(abs=false sup=false) Events=5 Ghost=0 Spring=0(conf=0) SOT=0 HeldMid=0 Slope=0 VP=10 VPOCmig=0 VAprog=0
2021-08-25T09:30:00.000-04:00,SCORE_BONUS: Power=0 AccBias=5 RSI=5 SFlip=0 HTF=0 RS=0 Ctrl=0 VolDecl=0 VolCon=0 STup=0 SOSbar=0 PhB=0 PShape=5 bShape=0 FinAuc=5 OEL=0 Unfin=0
2021-08-25T09:30:00.000-04:00,SCORE_PENALTY: Climax=0 Stall=0 Failed=0 | regime=1 vpBins=53 vpRatio=2.041
2021-08-26T09:30:00.000-04:00,SCORE_CORE: raw=125 capped=100 cap=100 | HL=25(val=13.485) VolDry=15(vol%=83.838 adj=70) Supply=0 Spread=15(atr%=77.071 adj=85) PB=15(pct=56.362)
2021-08-26T09:30:00.000-04:00,SCORE_STRUCT: Effort=0(abs=false sup=false) Events=5 Ghost=0 Spring=0(conf=0) SOT=0 HeldMid=0 Slope=0 VP=10 VPOCmig=0 VAprog=0
2021-08-26T09:30:00.000-04:00,SCORE_BONUS: Power=0 AccBias=5 RSI=5 SFlip=0 HTF=0 RS=0 Ctrl=0 VolDecl=0 VolCon=0 STup=0 SOSbar=0 PhB=0 PShape=5 bShape=0 FinAuc=5 OEL=0 Unfin=0
2021-08-26T09:30:00.000-04:00,SCORE_PENALTY: Climax=0 Stall=0 Failed=0 | regime=1 vpBins=53 vpRatio=2.197
2021-08-27T09:30:00.000-04:00,SCORE_CORE: raw=125 capped=100 cap=100 | HL=25(val=13.485) VolDry=15(vol%=82.982 adj=70) Supply=0 Spread=15(atr%=78.96 adj=85) PB=15(pct=56.362)
2021-08-27T09:30:00.000-04:00,SCORE_STRUCT: Effort=0(abs=false sup=false) Events=5 Ghost=0 Spring=0(conf=0) SOT=0 HeldMid=0 Slope=0 VP=10 VPOCmig=0 VAprog=0
2021-08-27T09:30:00.000-04:00,SCORE_BONUS: Power=0 AccBias=5 RSI=5 SFlip=0 HTF=0 RS=0 Ctrl=0 VolDecl=0 VolCon=0 STup=0 SOSbar=0 PhB=0 PShape=5 bShape=0 FinAuc=5 OEL=0 Unfin=0
2021-08-27T09:30:00.000-04:00,SCORE_PENALTY: Climax=0 Stall=0 Failed=0 | regime=1 vpBins=53 vpRatio=2.36
2021-08-30T09:30:00.000-04:00,SCORE_CORE: raw=125 capped=100 cap=100 | HL=25(val=13.485) VolDry=15(vol%=81.274 adj=70) Supply=0 Spread=15(atr%=79.599 adj=85) PB=15(pct=56.362)
2021-08-30T09:30:00.000-04:00,SCORE_STRUCT: Effort=0(abs=false sup=false) Events=5 Ghost=0 Spring=0(conf=0) SOT=0 HeldMid=0 Slope=0 VP=10 VPOCmig=0 VAprog=0
2021-08-30T09:30:00.000-04:00,SCORE_BONUS: Power=0 AccBias=5 RSI=5 SFlip=0 HTF=0 RS=0 Ctrl=0 VolDecl=0 VolCon=0 STup=0 SOSbar=0 PhB=0 PShape=5 bShape=0 FinAuc=5 OEL=0 Unfin=0
2021-08-30T09:30:00.000-04:00,SCORE_PENALTY: Climax=0 Stall=0 Failed=0 | regime=1 vpBins=53 vpRatio=2.563
2021-08-31T09:30:00.000-04:00,SCORE_CORE: raw=130 capped=100 cap=100 | HL=25(val=13.485) VolDry=15(vol%=79.482 adj=70) Supply=0 Spread=15(atr%=80.236 adj=85) PB=15(pct=56.362)
2021-08-31T09:30:00.000-04:00,SCORE_STRUCT: Effort=0(abs=false sup=false) Events=5 Ghost=0 Spring=0(conf=0) SOT=0 HeldMid=0 Slope=0 VP=10 VPOCmig=0 VAprog=0
2021-08-31T09:30:00.000-04:00,SCORE_BONUS: Power=0 AccBias=5 RSI=5 SFlip=0 HTF=0 RS=0 Ctrl=0 VolDecl=0 VolCon=5 STup=0 SOSbar=0 PhB=0 PShape=5 bShape=0 FinAuc=5 OEL=0 Unfin=0
2021-08-31T09:30:00.000-04:00,SCORE_PENALTY: Climax=0 Stall=0 Failed=0 | regime=1 vpBins=53 vpRatio=2.875
2021-09-01T09:30:00.000-04:00,SCORE_CORE: raw=130 capped=100 cap=100 | HL=25(val=13.485) VolDry=15(vol%=81.758 adj=70) Supply=0 Spread=15(atr%=81.875 adj=85) PB=15(pct=56.362)
2021-09-01T09:30:00.000-04:00,SCORE_STRUCT: Effort=0(abs=false sup=false) Events=5 Ghost=0 Spring=0(conf=0) SOT=0 HeldMid=0 Slope=0 VP=10 VPOCmig=0 VAprog=0
2021-09-01T09:30:00.000-04:00,SCORE_BONUS: Power=0 AccBias=5 RSI=5 SFlip=0 HTF=0 RS=0 Ctrl=0 VolDecl=0 VolCon=5 STup=0 SOSbar=0 PhB=0 PShape=5 bShape=0 FinAuc=5 OEL=0 Unfin=0
2021-09-01T09:30:00.000-04:00,SCORE_PENALTY: Climax=0 Stall=0 Failed=0 | regime=1 vpBins=53 vpRatio=3.317
2021-09-01T09:30:00.000-04:00,LPS ENTRY: price=265.9 score=100 mode=Close Above SOS Midpoint spring=false(conf=0) closeStr=0.54 volOk=true bars=14 pullback=56.362%
2021-09-02T09:30:00.000-04:00,SCORE_CORE: raw=118 capped=100 cap=100 | HL=25(val=26.204) VolDry=8(vol%=86.878 adj=70) Supply=0 Spread=15(atr%=84.205 adj=85) PB=15(pct=12.039)
2021-09-02T09:30:00.000-04:00,SCORE_STRUCT: Effort=0(abs=false sup=false) Events=5 Ghost=0 Spring=0(conf=0) SOT=0 HeldMid=0 Slope=0 VP=10 VPOCmig=0 VAprog=0
2021-09-02T09:30:00.000-04:00,SCORE_BONUS: Power=0 AccBias=5 RSI=5 SFlip=0 HTF=0 RS=0 Ctrl=0 VolDecl=0 VolCon=5 STup=0 SOSbar=0 PhB=0 PShape=5 bShape=0 FinAuc=5 OEL=0 Unfin=0
2021-09-02T09:30:00.000-04:00,SCORE_PENALTY: Climax=0 Stall=0 Failed=0 | regime=1 vpBins=53 vpRatio=3.622
2021-09-03T09:30:00.000-04:00,SCORE_CORE: raw=108 capped=100 cap=100 | HL=25(val=26.204) VolDry=8(vol%=95.031 adj=70) Supply=-5 Spread=10(atr%=87.692 adj=85) PB=15(pct=12.039)
2021-09-03T09:30:00.000-04:00,SCORE_STRUCT: Effort=0(abs=false sup=false) Events=5 Ghost=0 Spring=0(conf=0) SOT=0 HeldMid=0 Slope=0 VP=10 VPOCmig=0 VAprog=0
2021-09-03T09:30:00.000-04:00,SCORE_BONUS: Power=0 AccBias=5 RSI=5 SFlip=0 HTF=0 RS=0 Ctrl=0 VolDecl=0 VolCon=5 STup=0 SOSbar=0 PhB=0 PShape=5 bShape=0 FinAuc=5 OEL=0 Unfin=0
2021-09-03T09:30:00.000-04:00,SCORE_PENALTY: Climax=0 Stall=0 Failed=0 | regime=1 vpBins=53 vpRatio=3.925
2021-09-03T09:30:00.000-04:00,LPS ENTRY: price=278.44 score=100 mode=Close Above SOS Midpoint spring=false(conf=0) closeStr=0.795 volOk=true bars=2 pullback=12.039%
2021-09-08T09:30:00.000-04:00,SCORE_CORE: raw=108 capped=100 cap=100 | HL=25(val=20.454) VolDry=8(vol%=104.795 adj=70) Supply=-5 Spread=15(atr%=75.878 adj=85) PB=15(pct=19.775)
2021-09-08T09:30:00.000-04:00,SCORE_STRUCT: Effort=0(abs=false sup=false) Events=5 Ghost=0 Spring=0(conf=0) SOT=0 HeldMid=0 Slope=0 VP=10 VPOCmig=0 VAprog=0
2021-09-08T09:30:00.000-04:00,SCORE_BONUS: Power=0 AccBias=5 RSI=5 SFlip=0 HTF=0 RS=0 Ctrl=0 VolDecl=0 VolCon=5 STup=0 SOSbar=0 PhB=0 PShape=5 bShape=0 FinAuc=5 OEL=0 Unfin=0
2021-09-08T09:30:00.000-04:00,SCORE_PENALTY: Climax=0 Stall=0 Failed=0 | regime=1 vpBins=53 vpRatio=4.144
2021-09-09T09:30:00.000-04:00,SCORE_CORE: raw=108 capped=100 cap=100 | HL=25(val=20.454) VolDry=8(vol%=88.137 adj=70) Supply=0 Spread=15(atr%=73.552 adj=85) PB=15(pct=19.775)
2021-09-09T09:30:00.000-04:00,SCORE_STRUCT: Effort=0(abs=false sup=false) Events=5 Ghost=0 Spring=0(conf=0) SOT=0 HeldMid=0 Slope=0 VP=5 VPOCmig=0 VAprog=0
2021-09-09T09:30:00.000-04:00,SCORE_BONUS: Power=0 AccBias=5 RSI=5 SFlip=0 HTF=0 RS=0 Ctrl=0 VolDecl=0 VolCon=5 STup=0 SOSbar=0 PhB=0 PShape=5 bShape=0 FinAuc=5 OEL=0 Unfin=0
2021-09-09T09:30:00.000-04:00,SCORE_PENALTY: Climax=0 Stall=0 Failed=0 | regime=1 vpBins=53 vpRatio=3.992
2021-09-10T09:30:00.000-04:00,SPRING: conf=0.358 [close=0.024 reclaim=0.005 vol=0.087 age=0.142 tests=0.1] pivot=248.086 pivotAge=9b
2021-09-10T09:30:00.000-04:00,SCORE_CORE: raw=74 capped=74 cap=85 | HL=25(val=3.432) VolDry=15(vol%=83.489 adj=70) Supply=0 Spread=15(atr%=81.876 adj=85) PB=15(pct=32.564)
2021-09-10T09:30:00.000-04:00,SCORE_STRUCT: Effort=0(abs=false sup=false) Events=5 Ghost=0 Spring=4(conf=0.358) SOT=0 HeldMid=0 Slope=0 VP=5 VPOCmig=0 VAprog=0
2021-09-10T09:30:00.000-04:00,SCORE_BONUS: Power=0 AccBias=0 RSI=5 SFlip=0 HTF=0 RS=0 Ctrl=0 VolDecl=0 VolCon=5 STup=0 SOSbar=0 PhB=0 PShape=0 bShape=-10 FinAuc=5 OEL=0 Unfin=0
2021-09-10T09:30:00.000-04:00,SCORE_PENALTY: Climax=0 Stall=-15 Failed=0 | regime=1 vpBins=34 vpRatio=0.724
2021-09-13T09:30:00.000-04:00,SCORE_CORE: raw=47 capped=47 cap=85 | HL=15(val=0.171) VolDry=8(vol%=85.99 adj=70) Supply=0 Spread=10(atr%=87.398 adj=85) PB=15(pct=47.957)
2021-09-13T09:30:00.000-04:00,SCORE_STRUCT: Effort=0(abs=false sup=false) Events=5 Ghost=0 Spring=4(conf=0.358) SOT=0 HeldMid=0 Slope=0 VP=0 VPOCmig=0 VAprog=0
2021-09-13T09:30:00.000-04:00,SCORE_BONUS: Power=0 AccBias=0 RSI=5 SFlip=0 HTF=0 RS=0 Ctrl=0 VolDecl=0 VolCon=5 STup=0 SOSbar=0 PhB=0 PShape=0 bShape=-10 FinAuc=5 OEL=0 Unfin=0
2021-09-13T09:30:00.000-04:00,SCORE_PENALTY: Climax=0 Stall=-15 Failed=0 | regime=1 vpBins=34 vpRatio=0.662
2021-09-14T09:30:00.000-04:00,SCORE_CORE: raw=49 capped=49 cap=85 | HL=15(val=0.171) VolDry=15(vol%=81.573 adj=70) Supply=0 Spread=15(atr%=84.932 adj=85) PB=15(pct=47.957)
2021-09-14T09:30:00.000-04:00,SCORE_STRUCT: Effort=0(abs=false sup=false) Events=5 Ghost=0 Spring=4(conf=0.358) SOT=0 HeldMid=0 Slope=0 VP=0 VPOCmig=0 VAprog=0
2021-09-14T09:30:00.000-04:00,SCORE_BONUS: Power=0 AccBias=0 RSI=5 SFlip=0 HTF=0 RS=0 Ctrl=0 VolDecl=0 VolCon=5 STup=0 SOSbar=0 PhB=0 PShape=0 bShape=-20 FinAuc=5 OEL=0 Unfin=0
2021-09-14T09:30:00.000-04:00,SCORE_PENALTY: Climax=0 Stall=-15 Failed=0 | regime=1 vpBins=34 vpRatio=0.625
2021-09-15T09:30:00.000-04:00,SCORE_CORE: raw=54 capped=54 cap=85 | HL=15(val=0.171) VolDry=15(vol%=76.302 adj=70) Supply=0 Spread=15(atr%=83.707 adj=85) PB=15(pct=47.957)
2021-09-15T09:30:00.000-04:00,SCORE_STRUCT: Effort=0(abs=false sup=false) Events=5 Ghost=0 Spring=4(conf=0.358) SOT=0 HeldMid=0 Slope=0 VP=5 VPOCmig=0 VAprog=0
2021-09-15T09:30:00.000-04:00,SCORE_BONUS: Power=0 AccBias=0 RSI=5 SFlip=0 HTF=0 RS=0 Ctrl=0 VolDecl=0 VolCon=5 STup=0 SOSbar=0 PhB=0 PShape=0 bShape=-20 FinAuc=5 OEL=0 Unfin=0
2021-09-15T09:30:00.000-04:00,SCORE_PENALTY: Climax=0 Stall=-15 Failed=0 | regime=1 vpBins=34 vpRatio=0.599
2021-09-16T09:30:00.000-04:00,SCORE_CORE: raw=54 capped=54 cap=85 | HL=15(val=0.171) VolDry=15(vol%=74.026 adj=70) Supply=0 Spread=15(atr%=83.587 adj=85) PB=15(pct=47.957)
2021-09-16T09:30:00.000-04:00,SCORE_STRUCT: Effort=0(abs=false sup=false) Events=5 Ghost=0 Spring=4(conf=0.358) SOT=0 HeldMid=0 Slope=0 VP=0 VPOCmig=0 VAprog=0
2021-09-16T09:30:00.000-04:00,SCORE_BONUS: Power=0 AccBias=0 RSI=5 SFlip=0 HTF=0 RS=0 Ctrl=0 VolDecl=5 VolCon=5 STup=0 SOSbar=0 PhB=0 PShape=0 bShape=-20 FinAuc=5 OEL=0 Unfin=0
2021-09-16T09:30:00.000-04:00,SCORE_PENALTY: Climax=0 Stall=-15 Failed=0 | regime=1 vpBins=34 vpRatio=0.57
2021-09-17T09:30:00.000-04:00,SPRING: conf=0.814 [close=0.281 reclaim=0.218 vol=0.083 age=0.132 tests=0.1] pivot=239.192 pivotAge=20b
2021-09-17T09:30:00.000-04:00,SCORE_CORE: raw=57 capped=57 cap=100 | HL=5(val=-0.185) VolDry=15(vol%=73.34 adj=70) Supply=0 Spread=15(atr%=83.225 adj=85) PB=15(pct=49.635)
2021-09-17T09:30:00.000-04:00,SCORE_STRUCT: Effort=0(abs=false sup=false) Events=5 Ghost=0 Spring=12(conf=0.814) SOT=0 HeldMid=0 Slope=0 VP=5 VPOCmig=0 VAprog=0
2021-09-17T09:30:00.000-04:00,SCORE_BONUS: Power=0 AccBias=0 RSI=5 SFlip=0 HTF=0 RS=0 Ctrl=0 VolDecl=5 VolCon=5 STup=0 SOSbar=0 PhB=0 PShape=0 bShape=-20 FinAuc=5 OEL=0 Unfin=0
2021-09-17T09:30:00.000-04:00,SCORE_PENALTY: Climax=0 Stall=-15 Failed=0 | regime=1 vpBins=34 vpRatio=0.462
2021-09-20T09:30:00.000-04:00,SCORE_CORE: raw=27 capped=27 cap=30 | HL=0(val=-3.362) VolDry=15(vol%=76.021 adj=70) Supply=0 Spread=15(atr%=78.664 adj=85) PB=15(pct=64.634)
2021-09-20T09:30:00.000-04:00,SCORE_STRUCT: Effort=0(abs=false sup=false) Events=5 Ghost=0 Spring=12(conf=0.814) SOT=0 HeldMid=0 Slope=0 VP=0 VPOCmig=0 VAprog=0
2021-09-20T09:30:00.000-04:00,SCORE_BONUS: Power=0 AccBias=0 RSI=5 SFlip=0 HTF=0 RS=0 Ctrl=0 VolDecl=5 VolCon=0 STup=0 SOSbar=0 PhB=0 PShape=0 bShape=-20 FinAuc=5 OEL=0 Unfin=0
2021-09-20T09:30:00.000-04:00,SCORE_PENALTY: Climax=0 Stall=-15 Failed=-15 | regime=1 vpBins=34 vpRatio=0.49
2021-09-21T09:30:00.000-04:00,SCORE_CORE: raw=27 capped=27 cap=30 | HL=0(val=-3.362) VolDry=15(vol%=73.475 adj=70) Supply=0 Spread=15(atr%=78.845 adj=85) PB=15(pct=64.634)
2021-09-21T09:30:00.000-04:00,SCORE_STRUCT: Effort=0(abs=false sup=false) Events=5 Ghost=0 Spring=12(conf=0.814) SOT=0 HeldMid=0 Slope=0 VP=0 VPOCmig=0 VAprog=0
2021-09-21T09:30:00.000-04:00,SCORE_BONUS: Power=0 AccBias=0 RSI=5 SFlip=0 HTF=0 RS=0 Ctrl=0 VolDecl=5 VolCon=0 STup=0 SOSbar=0 PhB=0 PShape=0 bShape=-20 FinAuc=5 OEL=0 Unfin=0
2021-09-21T09:30:00.000-04:00,SCORE_PENALTY: Climax=0 Stall=-15 Failed=-15 | regime=1 vpBins=34 vpRatio=0.52
2021-09-22T09:30:00.000-04:00,SPRING_DAILY: conf=0.648 [close=0.226 reclaim=0.122 vol=0.051] support=239.192 pen=1.432
2021-09-22T09:30:00.000-04:00,SCORE_CORE: raw=22 capped=22 cap=30 | HL=0(val=-3.362) VolDry=15(vol%=70.304 adj=70) Supply=0 Spread=15(atr%=79.11 adj=85) PB=15(pct=64.634)
2021-09-22T09:30:00.000-04:00,SCORE_STRUCT: Effort=0(abs=false sup=false) Events=5 Ghost=0 Spring=12(conf=0.814) SOT=0 HeldMid=0 Slope=0 VP=0 VPOCmig=0 VAprog=0
2021-09-22T09:30:00.000-04:00,SCORE_BONUS: Power=0 AccBias=0 RSI=5 SFlip=0 HTF=0 RS=0 Ctrl=0 VolDecl=5 VolCon=0 STup=0 SOSbar=0 PhB=0 PShape=0 bShape=-20 FinAuc=0 OEL=0 Unfin=0
2021-09-22T09:30:00.000-04:00,SCORE_PENALTY: Climax=0 Stall=-15 Failed=-15 | regime=1 vpBins=34 vpRatio=0.529
2021-09-23T09:30:00.000-04:00,SCORE_CORE: raw=22 capped=22 cap=30 | HL=0(val=-3.362) VolDry=15(vol%=70.551 adj=70) Supply=0 Spread=15(atr%=80.491 adj=85) PB=15(pct=64.634)
2021-09-23T09:30:00.000-04:00,SCORE_STRUCT: Effort=0(abs=false sup=false) Events=5 Ghost=0 Spring=12(conf=0.814) SOT=0 HeldMid=0 Slope=0 VP=0 VPOCmig=0 VAprog=0
2021-09-23T09:30:00.000-04:00,SCORE_BONUS: Power=0 AccBias=0 RSI=5 SFlip=0 HTF=0 RS=0 Ctrl=0 VolDecl=5 VolCon=0 STup=0 SOSbar=0 PhB=0 PShape=0 bShape=-20 FinAuc=0 OEL=0 Unfin=0
2021-09-23T09:30:00.000-04:00,SCORE_PENALTY: Climax=0 Stall=-15 Failed=-15 | regime=1 vpBins=34 vpRatio=0.53
2021-09-24T09:30:00.000-04:00,SCORE_CORE: raw=15 capped=15 cap=30 | HL=0(val=-4.19) VolDry=15(vol%=71.741 adj=70) Supply=0 Spread=15(atr%=79.977 adj=85) PB=8(pct=68.541)
2021-09-24T09:30:00.000-04:00,SCORE_STRUCT: Effort=0(abs=false sup=false) Events=5 Ghost=0 Spring=12(conf=0.814) SOT=0 HeldMid=0 Slope=0 VP=0 VPOCmig=0 VAprog=0
2021-09-24T09:30:00.000-04:00,SCORE_BONUS: Power=0 AccBias=0 RSI=5 SFlip=0 HTF=0 RS=0 Ctrl=0 VolDecl=5 VolCon=0 STup=0 SOSbar=0 PhB=0 PShape=0 bShape=-20 FinAuc=0 OEL=0 Unfin=0
2021-09-24T09:30:00.000-04:00,SCORE_PENALTY: Climax=0 Stall=-15 Failed=-15 | regime=1 vpBins=34 vpRatio=0.577
2021-09-30T09:30:00.000-04:00,SPRING: conf=0.432 [close=0.14 reclaim=0.03 vol=0.078 age=0.118 tests=0.067] pivot=226.91 pivotAge=41b
2021-10-06T09:30:00.000-04:00,"TR DETECTED: Support=224.51, Resistance=263.81, Len=20, SlopeUp=false"
2021-10-06T09:30:00.000-04:00,"VPOC SHIFT: Prior=270.255, will compare when VP recalculates"
2021-11-15T09:30:00.000-05:00,"TR DETECTED: Support=293.62, Resistance=368.9, Len=20, SlopeUp=true"
2021-11-15T09:30:00.000-05:00,"VPOC SHIFT: Prior=256.297, will compare when VP recalculates"
2021-12-14T09:30:00.000-05:00,SPRING: conf=0.717 [close=0.218 reclaim=0.168 vol=0.087 age=0.144 tests=0.1] pivot=244.46 pivotAge=6b
2021-12-31T09:30:00.000-05:00,"TR DETECTED: Support=231.77, Resistance=290.19, Len=20, SlopeUp=false"
2021-12-31T09:30:00.000-05:00,"VPOC SHIFT: Prior=334.66, will compare when VP recalculates"
2022-01-06T09:30:00.000-05:00,SPRING: conf=0.668 [close=0.246 reclaim=0.05 vol=0.132 age=0.139 tests=0.1] pivot=231.77 pivotAge=12b
2022-01-10T09:30:00.000-05:00,SPRING: conf=0.68 [close=0.293 reclaim=0.012 vol=0.172 age=0.103 tests=0.1] pivot=224.51 pivotAge=68b
2022-02-18T09:30:00.000-05:00,"TR DETECTED: Support=162.2, Resistance=217.49, Len=20, SlopeUp=true"
2022-02-18T09:30:00.000-05:00,"VPOC SHIFT: Prior=251.286, will compare when VP recalculates"
2022-02-24T09:30:00.000-05:00,SPRING: conf=0.827 [close=0.262 reclaim=0.16 vol=0.171 age=0.134 tests=0.1] pivot=162.2 pivotAge=18b
2022-03-15T09:30:00.000-04:00,SPRING: conf=0.574 [close=0.279 reclaim=0.002 vol=0.088 age=0.138 tests=0.067] pivot=155.92 pivotAge=13b
2022-04-13T09:30:00.000-04:00,SPRING: conf=0.685 [close=0.251 reclaim=0.14 vol=0.096 age=0.132 tests=0.067] pivot=150.12 pivotAge=21b
2022-06-30T09:30:00.000-04:00,SPRING: conf=0.595 [close=0.203 reclaim=0.06 vol=0.094 age=0.139 tests=0.1] pivot=46 pivotAge=12b
2022-09-23T09:30:00.000-04:00,SPRING: conf=0.546 [close=0.197 reclaim=0.003 vol=0.106 age=0.139 tests=0.1] pivot=61.83 pivotAge=12b
2022-10-14T09:30:00.000-04:00,"TR DETECTED: Support=59.435, Resistance=76.277, Len=20, SlopeUp=false"
2022-10-14T09:30:00.000-04:00,"VPOC SHIFT: Prior=197.163, will compare when VP recalculates"
2022-11-08T09:30:00.000-05:00,SPRING: conf=0.496 [close=0.088 reclaim=0.011 vol=0.2 age=0.097 tests=0.1] pivot=50.34 pivotAge=82b
2022-11-11T09:30:00.000-05:00,SPRING: conf=0.656 [close=0.279 reclaim=0.1 vol=0.177 age=0.099 tests=0] pivot=52.63 pivotAge=77b
2022-11-18T09:30:00.000-05:00,SPRING: conf=0.443 [close=0.061 reclaim=0.034 vol=0.105 age=0.143 tests=0.1] pivot=44.62 pivotAge=7b
2022-11-21T09:30:00.000-05:00,SPRING: conf=0.362 [close=0.046 reclaim=0.025 vol=0.112 age=0.08 tests=0.1] pivot=40.83 pivotAge=133b
2022-11-23T09:30:00.000-05:00,SPRING: conf=0.539 [close=0.255 reclaim=0.09 vol=0.072 age=0.089 tests=0.033] pivot=44.15 pivotAge=102b
2022-12-07T09:30:00.000-05:00,SPRING: conf=0.443 [close=0.08 reclaim=0.061 vol=0.061 age=0.14 tests=0.1] pivot=40.61 pivotAge=11b
2022-12-15T09:30:00.000-05:00,"TR DETECTED: Support=37.44, Resistance=49.97, Len=20, SlopeUp=false"
2022-12-15T09:30:00.000-05:00,"VPOC SHIFT: Prior=65.131, will compare when VP recalculates"
2023-01-06T09:30:00.000-05:00,SPRING: conf=0.771 [close=0.233 reclaim=0.163 vol=0.131 age=0.144 tests=0.1] pivot=31.83 pivotAge=6b
2023-03-13T09:30:00.000-04:00,SPRING: conf=0.657 [close=0.244 reclaim=0.057 vol=0.149 age=0.14 tests=0.067] pivot=56.8 pivotAge=11b
2023-03-13T09:30:00.000-04:00,SPRING: conf=0.726 [close=0.244 reclaim=0.133 vol=0.149 age=0.133 tests=0.067] pivot=53.66 pivotAge=19b
2023-04-05T09:30:00.000-04:00,SPRING: conf=0.435 [close=0.122 reclaim=0.018 vol=0.052 age=0.143 tests=0.1] pivot=60.51 pivotAge=7b
2023-04-21T09:30:00.000-04:00,"TR DETECTED: Support=58.2, Resistance=72.608, Len=20, SlopeUp=false"
2023-04-21T09:30:00.000-04:00,"VPOC SHIFT: Prior=43.521, will compare when VP recalculates"
2023-04-25T09:30:00.000-04:00,SPRING_DAILY: conf=0.732 [close=0.234 reclaim=0.149 vol=0.098] support=54.08 pen=0.456
2023-05-02T09:30:00.000-04:00,SPRING: conf=0.573 [close=0.237 reclaim=0.035 vol=0.113 age=0.122 tests=0.067] pivot=50.77 pivotAge=35b
2023-05-18T09:30:00.000-04:00,"TR DETECTED: Support=47.65, Resistance=63.75, Len=20, SlopeUp=true"
2023-05-18T09:30:00.000-04:00,"VPOC SHIFT: Prior=70.155, will compare when VP recalculates"
2023-06-05T09:30:00.000-04:00,SPRING: conf=0.627 [close=0.101 reclaim=0.082 vol=0.2 age=0.144 tests=0.1] pivot=55.88 pivotAge=6b
2023-06-06T09:30:00.000-04:00,SPRING: conf=0.858 [close=0.261 reclaim=0.166 vol=0.2 age=0.131 tests=0.1] pivot=47.65 pivotAge=22b
2023-08-28T09:30:00.000-04:00,"TR DETECTED: Support=72.101, Resistance=95.95, Len=20, SlopeUp=false"
2023-08-28T09:30:00.000-04:00,"VPOC SHIFT: Prior=58.584, will compare when VP recalculates"
2023-10-30T09:30:00.000-04:00,SPRING: conf=0.687 [close=0.235 reclaim=0.17 vol=0.076 age=0.14 tests=0.067] pivot=72.1 pivotAge=11b
2024-02-06T09:30:00.000-05:00,SPRING: conf=0.579 [close=0.234 reclaim=0.089 vol=0.052 age=0.139 tests=0.067] pivot=118.02 pivotAge=12b
2024-02-09T09:30:00.000-05:00,"TR DETECTED: Support=114.51, Resistance=144.55, Len=20, SlopeUp=false"
2024-02-09T09:30:00.000-05:00,"VPOC SHIFT: Prior=73.91, will compare when VP recalculates"
2024-04-01T09:30:00.000-04:00,"TR DETECTED: Support=212.247, Resistance=283.48, Len=20, SlopeUp=true"
2024-04-01T09:30:00.000-04:00,"VPOC SHIFT: Prior=131.903, will compare when VP recalculates"
2024-04-10T09:30:00.000-04:00,SPRING: conf=0.831 [close=0.295 reclaim=0.219 vol=0.073 age=0.144 tests=0.1] pivot=235.99 pivotAge=6b
2024-04-16T09:30:00.000-04:00,SPRING: conf=0.654 [close=0.228 reclaim=0.039 vol=0.155 age=0.133 tests=0.1] pivot=216.16 pivotAge=19b
2024-04-17T09:30:00.000-04:00,SPRING_DAILY: conf=0.485 [close=0.125 reclaim=0.02 vol=0.09] support=212.247 pen=6.347
2024-05-01T09:30:00.000-04:00,SPRING: conf=0.55 [close=0.176 reclaim=0.054 vol=0.114 age=0.14 tests=0.067] pivot=205.67 pivotAge=11b
2024-05-13T09:30:00.000-04:00,SPRING: conf=0.427 [close=0.062 reclaim=0.036 vol=0.086 age=0.142 tests=0.1] pivot=198.2 pivotAge=8b
2024-05-14T09:30:00.000-04:00,"TR DETECTED: Support=194.93, Resistance=239, Len=20, SlopeUp=false"
2024-05-14T09:30:00.000-04:00,"VPOC SHIFT: Prior=255.196, will compare when VP recalculates"
2024-06-20T09:30:00.000-04:00,"TR DETECTED: Support=217.66, Resistance=263.8, Len=20, SlopeUp=true"
2024-06-20T09:30:00.000-04:00,"VPOC SHIFT: Prior=215.021, will compare when VP recalculates"
2024-06-25T09:30:00.000-04:00,SPRING_DAILY: conf=0.71 [close=0.264 reclaim=0.105 vol=0.092] support=217.66 pen=4.44
2024-06-27T09:30:00.000-04:00,SPRING_DAILY: conf=0.728 [close=0.244 reclaim=0.168 vol=0.066] support=217.66 pen=1.34
2024-07-10T09:30:00.000-04:00,SPRING_DAILY: conf=0.53 [close=0.162 reclaim=0.058 vol=0.06] support=217.66 pen=2.525
2024-07-12T09:30:00.000-04:00,SPRING_DAILY: conf=0.468 [close=0.137 reclaim=0.012 vol=0.07] support=217.66 pen=3.09
2024-08-01T09:30:00.000-04:00,SPRING: conf=0.456 [close=0.075 reclaim=0.041 vol=0.107 age=0.133 tests=0.1] pivot=209.45 pivotAge=19b
2024-08-30T09:30:00.000-04:00,"TR DETECTED: Support=161.13, Resistance=211.92, Len=20, SlopeUp=false"
2024-08-30T09:30:00.000-04:00,"VPOC SHIFT: Prior=242.766, will compare when VP recalculates"
2024-09-04T09:30:00.000-04:00,SPRING: conf=0.502 [close=0.091 reclaim=0.062 vol=0.117 age=0.132 tests=0.1] pivot=161.13 pivotAge=21b
2024-09-30T09:30:00.000-04:00,"TR DETECTED: Support=146.12, Resistance=192.45, Len=20, SlopeUp=true"
2024-09-30T09:30:00.000-04:00,"VPOC SHIFT: Prior=201.635, will compare when VP recalculates"
2024-12-09T09:30:00.000-05:00,"TR DETECTED: Support=274.301, Resistance=349.75, Len=20, SlopeUp=false"
2024-12-09T09:30:00.000-05:00,"VPOC SHIFT: Prior=169.966, will compare when VP recalculates"
2024-12-20T09:30:00.000-05:00,SPRING_DAILY: conf=0.71 [close=0.254 reclaim=0.124 vol=0.082] support=268.88 pen=7.01
2025-01-13T09:30:00.000-05:00,SPRING: conf=0.726 [close=0.283 reclaim=0.109 vol=0.09 age=0.143 tests=0.1] pivot=246.37 pivotAge=7b
2025-01-21T09:30:00.000-05:00,"TR DETECTED: Support=240.77, Resistance=303.1, Len=20, SlopeUp=false"
2025-01-21T09:30:00.000-05:00,"VPOC SHIFT: Prior=314.384, will compare when VP recalculates"
2025-02-12T09:30:00.000-05:00,SPRING: conf=0.727 [close=0.239 reclaim=0.169 vol=0.079 age=0.139 tests=0.1] pivot=265.2 pivotAge=12b
2025-03-24T09:30:00.000-04:00,"TR DETECTED: Support=176.85, Resistance=233.4, Len=20, SlopeUp=false"
2025-03-24T09:30:00.000-04:00,"VPOC SHIFT: Prior=277.528, will compare when VP recalculates"
2025-04-02T09:30:00.000-04:00,SPRING: conf=0.615 [close=0.275 reclaim=0.111 vol=0.094 age=0.135 tests=0] pivot=176.85 pivotAge=17b
2025-04-02T09:30:00.000-04:00,SPRING: conf=0.578 [close=0.275 reclaim=0.119 vol=0.094 age=0.09 tests=0] pivot=176.38 pivotAge=101b
2025-04-04T09:30:00.000-04:00,SPRING: conf=0.546 [close=0.197 reclaim=0.007 vol=0.161 age=0.081 tests=0.1] pivot=160 pivotAge=127b
2025-04-07T09:30:00.000-04:00,SPRING: conf=0.617 [close=0.178 reclaim=0.112 vol=0.151 age=0.076 tests=0.1] pivot=146.12 pivotAge=145b
2025-05-12T09:30:00.000-04:00,"TR DETECTED: Support=168.5, Resistance=214.13, Len=20, SlopeUp=true"
2025-05-12T09:30:00.000-04:00,"VPOC SHIFT: Prior=191.646, will compare when VP recalculates"
2025-06-11T09:30:00.000-04:00,"TR DETECTED: Support=240, Resistance=277.01, Len=20, SlopeUp=false"
2025-06-11T09:30:00.000-04:00,"VPOC SHIFT: Prior=206.749, will compare when VP recalculates"
2025-06-18T09:30:00.000-04:00,"SOS CONFIRMED: rally=27.212% low=235.292 high=299.32 bars=3 avgVol=18,843,858.667 adjMinRally=3.5"
2025-06-18T09:30:00.000-04:00,SCORE_CORE: raw=53 capped=53 cap=100 | HL=25(val=7.05) VolDry=0(vol%=198.655 adj=70) Supply=-15 Spread=0(atr%=310.329 adj=85) PB=8(pct=74.093)
2025-06-18T09:30:00.000-04:00,SCORE_STRUCT: Effort=-10(abs=false sup=true) Events=0 Ghost=0 Spring=0(conf=0) SOT=0 HeldMid=0 Slope=0 VP=10 VPOCmig=0 VAprog=0
2025-06-18T09:30:00.000-04:00,SCORE_BONUS: Power=0 AccBias=5 RSI=5 SFlip=0 HTF=0 RS=0 Ctrl=0 VolDecl=0 VolCon=5 STup=0 SOSbar=5 PhB=0 PShape=0 bShape=0 FinAuc=5 OEL=0 Unfin=0
2025-06-18T09:30:00.000-04:00,SCORE_PENALTY: Climax=0 Stall=0 Failed=0 | regime=1 vpBins=34 vpRatio=0.44
2025-06-20T09:30:00.000-04:00,SCORE_CORE: raw=53 capped=53 cap=100 | HL=25(val=7.05) VolDry=0(vol%=182.826 adj=70) Supply=-15 Spread=0(atr%=196.381 adj=85) PB=8(pct=74.093)
2025-06-20T09:30:00.000-04:00,SCORE_STRUCT: Effort=-10(abs=false sup=true) Events=0 Ghost=0 Spring=0(conf=0) SOT=0 HeldMid=0 Slope=0 VP=10 VPOCmig=0 VAprog=0
2025-06-20T09:30:00.000-04:00,SCORE_BONUS: Power=0 AccBias=5 RSI=5 SFlip=0 HTF=0 RS=0 Ctrl=0 VolDecl=0 VolCon=5 STup=0 SOSbar=5 PhB=0 PShape=0 bShape=0 FinAuc=5 OEL=0 Unfin=0
2025-06-20T09:30:00.000-04:00,SCORE_PENALTY: Climax=0 Stall=0 Failed=0 | regime=1 vpBins=34 vpRatio=0.459
2025-06-23T09:30:00.000-04:00,SCORE_CORE: raw=38 capped=38 cap=80 | HL=25(val=7.05) VolDry=0(vol%=152.935 adj=70) Supply=-15 Spread=0(atr%=170.328 adj=85) PB=8(pct=74.093)
2025-06-23T09:30:00.000-04:00,SCORE_STRUCT: Effort=-10(abs=false sup=true) Events=0 Ghost=0 Spring=0(conf=0) SOT=0 HeldMid=0 Slope=0 VP=10 VPOCmig=0 VAprog=0
2025-06-23T09:30:00.000-04:00,SCORE_BONUS: Power=0 AccBias=5 RSI=5 SFlip=0 HTF=0 RS=0 Ctrl=0 VolDecl=0 VolCon=0 STup=0 SOSbar=5 PhB=0 PShape=0 bShape=0 FinAuc=5 OEL=0 Unfin=0
2025-06-23T09:30:00.000-04:00,SCORE_PENALTY: Climax=0 Stall=0 Failed=0 | regime=1 vpBins=34 vpRatio=0.642
2025-06-24T09:30:00.000-04:00,SCORE_CORE: raw=38 capped=38 cap=80 | HL=25(val=7.05) VolDry=0(vol%=154.066 adj=70) Supply=-15 Spread=0(atr%=167.374 adj=85) PB=8(pct=74.093)
2025-06-24T09:30:00.000-04:00,SCORE_STRUCT: Effort=-10(abs=false sup=true) Events=0 Ghost=0 Spring=0(conf=0) SOT=0 HeldMid=0 Slope=0 VP=10 VPOCmig=0 VAprog=0
2025-06-24T09:30:00.000-04:00,SCORE_BONUS: Power=0 AccBias=5 RSI=5 SFlip=0 HTF=0 RS=0 Ctrl=0 VolDecl=0 VolCon=0 STup=0 SOSbar=5 PhB=0 PShape=0 bShape=0 FinAuc=5 OEL=0 Unfin=0
2025-06-24T09:30:00.000-04:00,SCORE_PENALTY: Climax=0 Stall=0 Failed=0 | regime=1 vpBins=34 vpRatio=0.69
2025-06-25T09:30:00.000-04:00,SCORE_CORE: raw=38 capped=38 cap=80 | HL=25(val=7.05) VolDry=0(vol%=155.257 adj=70) Supply=-15 Spread=0(atr%=157.996 adj=85) PB=8(pct=74.093)
2025-06-25T09:30:00.000-04:00,SCORE_STRUCT: Effort=-10(abs=false sup=true) Events=0 Ghost=0 Spring=0(conf=0) SOT=0 HeldMid=0 Slope=0 VP=10 VPOCmig=0 VAprog=0
2025-06-25T09:30:00.000-04:00,SCORE_BONUS: Power=0 AccBias=5 RSI=5 SFlip=0 HTF=0 RS=0 Ctrl=0 VolDecl=0 VolCon=0 STup=0 SOSbar=5 PhB=0 PShape=0 bShape=0 FinAuc=5 OEL=0 Unfin=0
2025-06-25T09:30:00.000-04:00,SCORE_PENALTY: Climax=0 Stall=0 Failed=0 | regime=1 vpBins=34 vpRatio=0.736
2025-06-26T09:30:00.000-04:00,SCORE_CORE: raw=45 capped=45 cap=80 | HL=25(val=7.05) VolDry=0(vol%=153.59 adj=70) Supply=-15 Spread=2(atr%=151.39 adj=85) PB=8(pct=74.093)
2025-06-26T09:30:00.000-04:00,SCORE_STRUCT: Effort=-10(abs=false sup=true) Events=0 Ghost=0 Spring=0(conf=0) SOT=0 HeldMid=0 Slope=0 VP=10 VPOCmig=0 VAprog=0
2025-06-26T09:30:00.000-04:00,SCORE_BONUS: Power=0 AccBias=5 RSI=5 SFlip=0 HTF=0 RS=0 Ctrl=0 VolDecl=0 VolCon=0 STup=0 SOSbar=5 PhB=0 PShape=0 bShape=0 FinAuc=5 OEL=5 Unfin=0
2025-06-26T09:30:00.000-04:00,SCORE_PENALTY: Climax=0 Stall=0 Failed=0 | regime=1 vpBins=34 vpRatio=0.793
2025-06-27T09:30:00.000-04:00,SCORE_CORE: raw=51 capped=51 cap=80 | HL=25(val=7.05) VolDry=3(vol%=153.634 adj=91) Supply=-15 Spread=5(atr%=144.154 adj=110.5) PB=8(pct=74.093)
2025-06-27T09:30:00.000-04:00,SCORE_STRUCT: Effort=-10(abs=false sup=true) Events=0 Ghost=0 Spring=0(conf=0) SOT=0 HeldMid=0 Slope=0 VP=10 VPOCmig=0 VAprog=0
2025-06-27T09:30:00.000-04:00,SCORE_BONUS: Power=0 AccBias=5 RSI=5 SFlip=0 HTF=0 RS=0 Ctrl=0 VolDecl=0 VolCon=0 STup=0 SOSbar=5 PhB=0 PShape=0 bShape=0 FinAuc=5 OEL=5 Unfin=0
2025-06-27T09:30:00.000-04:00,SCORE_PENALTY: Climax=0 Stall=0 Failed=0 | regime=1.3 vpBins=34 vpRatio=0.853
2025-06-30T09:30:00.000-04:00,SCORE_CORE: raw=51 capped=51 cap=80 | HL=25(val=7.05) VolDry=3(vol%=141.877 adj=91) Supply=-15 Spread=5(atr%=137.693 adj=110.5) PB=8(pct=74.093)
2025-06-30T09:30:00.000-04:00,SCORE_STRUCT: Effort=-10(abs=false sup=true) Events=0 Ghost=0 Spring=0(conf=0) SOT=0 HeldMid=0 Slope=0 VP=10 VPOCmig=0 VAprog=0
2025-06-30T09:30:00.000-04:00,SCORE_BONUS: Power=0 AccBias=5 RSI=5 SFlip=0 HTF=0 RS=0 Ctrl=0 VolDecl=0 VolCon=0 STup=0 SOSbar=5 PhB=0 PShape=0 bShape=0 FinAuc=5 OEL=5 Unfin=0
2025-06-30T09:30:00.000-04:00,SCORE_PENALTY: Climax=0 Stall=0 Failed=0 | regime=1.3 vpBins=34 vpRatio=0.907
2025-07-01T09:30:00.000-04:00,SCORE_CORE: raw=56 capped=56 cap=80 | HL=25(val=7.05) VolDry=8(vol%=133.856 adj=91) Supply=-15 Spread=5(atr%=133.545 adj=110.5) PB=8(pct=74.093)
2025-07-01T09:30:00.000-04:00,SCORE_STRUCT: Effort=-10(abs=false sup=true) Events=0 Ghost=0 Spring=0(conf=0) SOT=0 HeldMid=0 Slope=0 VP=10 VPOCmig=0 VAprog=0
2025-07-01T09:30:00.000-04:00,SCORE_BONUS: Power=0 AccBias=5 RSI=5 SFlip=0 HTF=0 RS=0 Ctrl=0 VolDecl=0 VolCon=0 STup=0 SOSbar=5 PhB=0 PShape=0 bShape=0 FinAuc=5 OEL=5 Unfin=0
2025-07-01T09:30:00.000-04:00,SCORE_PENALTY: Climax=0 Stall=0 Failed=0 | regime=1.3 vpBins=34 vpRatio=0.97
2025-07-02T09:30:00.000-04:00,SCORE_CORE: raw=80 capped=80 cap=80 | HL=25(val=7.05) VolDry=8(vol%=127.101 adj=91) Supply=-10 Spread=10(atr%=128.547 adj=110.5) PB=8(pct=74.093)
2025-07-02T09:30:00.000-04:00,SCORE_STRUCT: Effort=0(abs=false sup=false) Events=0 Ghost=0 Spring=0(conf=0) SOT=0 HeldMid=0 Slope=0 VP=10 VPOCmig=0 VAprog=0
2025-07-02T09:30:00.000-04:00,SCORE_BONUS: Power=0 AccBias=5 RSI=5 SFlip=0 HTF=4 RS=0 Ctrl=0 VolDecl=0 VolCon=0 STup=0 SOSbar=5 PhB=0 PShape=0 bShape=0 FinAuc=5 OEL=5 Unfin=0
2025-07-02T09:30:00.000-04:00,SCORE_PENALTY: Climax=0 Stall=0 Failed=0 | regime=1.3 vpBins=34 vpRatio=1.092
2025-07-03T09:30:00.000-04:00,SCORE_CORE: raw=61 capped=61 cap=80 | HL=25(val=7.05) VolDry=3(vol%=118.78 adj=70) Supply=-10 Spread=5(atr%=125.902 adj=85) PB=8(pct=74.093)
2025-07-03T09:30:00.000-04:00,SCORE_STRUCT: Effort=-10(abs=false sup=true) Events=0 Ghost=0 Spring=0(conf=0) SOT=0 HeldMid=0 Slope=0 VP=10 VPOCmig=0 VAprog=0
2025-07-03T09:30:00.000-04:00,SCORE_BONUS: Power=0 AccBias=5 RSI=5 SFlip=0 HTF=0 RS=0 Ctrl=0 VolDecl=0 VolCon=0 STup=0 SOSbar=5 PhB=0 PShape=5 bShape=0 FinAuc=5 OEL=5 Unfin=0
2025-07-03T09:30:00.000-04:00,SCORE_PENALTY: Climax=0 Stall=0 Failed=0 | regime=1 vpBins=34 vpRatio=1.182
2025-07-07T09:30:00.000-04:00,SCORE_CORE: raw=61 capped=61 cap=80 | HL=25(val=7.05) VolDry=3(vol%=112.369 adj=70) Supply=-10 Spread=5(atr%=123.896 adj=85) PB=8(pct=74.093)
2025-07-07T09:30:00.000-04:00,SCORE_STRUCT: Effort=-10(abs=false sup=true) Events=0 Ghost=0 Spring=0(conf=0) SOT=0 HeldMid=0 Slope=0 VP=10 VPOCmig=0 VAprog=0
2025-07-07T09:30:00.000-04:00,SCORE_BONUS: Power=0 AccBias=5 RSI=5 SFlip=0 HTF=0 RS=0 Ctrl=0 VolDecl=0 VolCon=0 STup=0 SOSbar=5 PhB=0 PShape=5 bShape=0 FinAuc=5 OEL=5 Unfin=0
2025-07-07T09:30:00.000-04:00,SCORE_PENALTY: Climax=0 Stall=0 Failed=0 | regime=1 vpBins=34 vpRatio=1.414
2025-07-08T09:30:00.000-04:00,SCORE_CORE: raw=66 capped=66 cap=80 | HL=25(val=7.05) VolDry=3(vol%=107.699 adj=70) Supply=-5 Spread=5(atr%=121.905 adj=85) PB=8(pct=74.093)
2025-07-08T09:30:00.000-04:00,SCORE_STRUCT: Effort=-10(abs=false sup=true) Events=0 Ghost=0 Spring=0(conf=0) SOT=0 HeldMid=0 Slope=0 VP=10 VPOCmig=0 VAprog=0
2025-07-08T09:30:00.000-04:00,SCORE_BONUS: Power=0 AccBias=5 RSI=5 SFlip=0 HTF=0 RS=0 Ctrl=0 VolDecl=0 VolCon=0 STup=0 SOSbar=5 PhB=0 PShape=5 bShape=0 FinAuc=5 OEL=5 Unfin=0
2025-07-08T09:30:00.000-04:00,SCORE_PENALTY: Climax=0 Stall=0 Failed=0 | regime=1 vpBins=34 vpRatio=1.608
2025-07-09T09:30:00.000-04:00,SCORE_CORE: raw=66 capped=66 cap=80 | HL=25(val=7.05) VolDry=3(vol%=105.025 adj=70) Supply=-5 Spread=5(atr%=120.147 adj=85) PB=8(pct=74.093)
2025-07-09T09:30:00.000-04:00,SCORE_STRUCT: Effort=-10(abs=false sup=true) Events=0 Ghost=0 Spring=0(conf=0) SOT=0 HeldMid=0 Slope=0 VP=10 VPOCmig=0 VAprog=0
2025-07-09T09:30:00.000-04:00,SCORE_BONUS: Power=0 AccBias=5 RSI=5 SFlip=0 HTF=0 RS=0 Ctrl=0 VolDecl=0 VolCon=0 STup=0 SOSbar=5 PhB=0 PShape=5 bShape=0 FinAuc=5 OEL=5 Unfin=0
2025-07-09T09:30:00.000-04:00,SCORE_PENALTY: Climax=0 Stall=0 Failed=0 | regime=1 vpBins=34 vpRatio=1.812
2025-07-10T09:30:00.000-04:00,SCORE_CORE: raw=70 capped=70 cap=80 | HL=25(val=7.05) VolDry=8(vol%=104.123 adj=70) Supply=-5 Spread=5(atr%=118.635 adj=85) PB=8(pct=74.093)
2025-07-10T09:30:00.000-04:00,SCORE_STRUCT: Effort=-10(abs=false sup=true) Events=0 Ghost=0 Spring=0(conf=0) SOT=0 HeldMid=0 Slope=0 VP=10 VPOCmig=0 VAprog=0
2025-07-10T09:30:00.000-04:00,SCORE_BONUS: Power=0 AccBias=5 RSI=5 SFlip=0 HTF=4 RS=0 Ctrl=0 VolDecl=0 VolCon=0 STup=0 SOSbar=5 PhB=0 PShape=5 bShape=0 FinAuc=0 OEL=5 Unfin=0
2025-07-10T09:30:00.000-04:00,SCORE_PENALTY: Climax=0 Stall=0 Failed=0 | regime=1 vpBins=34 vpRatio=2.065
2025-07-10T09:30:00.000-04:00,LPS ENTRY: price=388.96 score=70 mode=Close Above SOS Midpoint spring=false(conf=0) closeStr=0.99 volOk=true bars=15 pullback=74.093%
2025-07-11T09:30:00.000-04:00,SCORE_CORE: raw=102 capped=80 cap=80 | HL=25(val=60.809) VolDry=8(vol%=88.594 adj=70) Supply=0 Spread=10(atr%=92.807 adj=85) PB=15(pct=16.852)
2025-07-11T09:30:00.000-04:00,SCORE_STRUCT: Effort=0(abs=false sup=false) Events=0 Ghost=0 Spring=0(conf=0) SOT=0 HeldMid=0 Slope=0 VP=10 VPOCmig=0 VAprog=0
2025-07-11T09:30:00.000-04:00,SCORE_BONUS: Power=0 AccBias=5 RSI=5 SFlip=0 HTF=4 RS=0 Ctrl=0 VolDecl=0 VolCon=0 STup=0 SOSbar=5 PhB=0 PShape=5 bShape=0 FinAuc=0 OEL=0 Unfin=0
2025-07-11T09:30:00.000-04:00,SCORE_PENALTY: Climax=0 Stall=0 Failed=0 | regime=1 vpBins=34 vpRatio=2.41
2025-07-14T09:30:00.000-04:00,SCORE_CORE: raw=114 capped=80 cap=80 | HL=25(val=60.809) VolDry=15(vol%=77.394 adj=70) Supply=0 Spread=15(atr%=75.322 adj=85) PB=15(pct=16.852)
2025-07-14T09:30:00.000-04:00,SCORE_STRUCT: Effort=0(abs=false sup=false) Events=0 Ghost=0 Spring=0(conf=0) SOT=0 HeldMid=0 Slope=0 VP=10 VPOCmig=0 VAprog=0
2025-07-14T09:30:00.000-04:00,SCORE_BONUS: Power=0 AccBias=5 RSI=5 SFlip=0 HTF=4 RS=0 Ctrl=0 VolDecl=0 VolCon=0 STup=0 SOSbar=5 PhB=0 PShape=5 bShape=0 FinAuc=0 OEL=0 Unfin=0
2025-07-14T09:30:00.000-04:00,SCORE_PENALTY: Climax=0 Stall=0 Failed=0 | regime=1 vpBins=34 vpRatio=3.071
2025-07-15T09:30:00.000-04:00,SCORE_CORE: raw=114 capped=80 cap=80 | HL=25(val=58.535) VolDry=15(vol%=81.472 adj=70) Supply=0 Spread=10(atr%=98.069 adj=85) PB=15(pct=25.208)
2025-07-15T09:30:00.000-04:00,SCORE_STRUCT: Effort=0(abs=false sup=false) Events=0 Ghost=0 Spring=0(conf=0) SOT=0 HeldMid=0 Slope=0 VP=10 VPOCmig=0 VAprog=0
2025-07-15T09:30:00.000-04:00,SCORE_BONUS: Power=0 AccBias=5 RSI=5 SFlip=0 HTF=4 RS=0 Ctrl=0 VolDecl=0 VolCon=0 STup=0 SOSbar=5 PhB=0 PShape=5 bShape=0 FinAuc=5 OEL=0 Unfin=0
2025-07-15T09:30:00.000-04:00,SCORE_PENALTY: Climax=0 Stall=0 Failed=0 | regime=1 vpBins=34 vpRatio=4.1
2025-07-15T09:30:00.000-04:00,LPS ENTRY: price=388.02 score=80 mode=Close Above SOS Midpoint spring=false(conf=0) closeStr=0.538 volOk=true bars=3 pullback=25.208%
2025-07-22T09:30:00.000-04:00,SCORE_CORE: raw=107 capped=80 cap=80 | HL=25(val=67.609) VolDry=25(vol%=77.24 adj=91) Supply=0 Spread=10(atr%=127.658 adj=110.5) PB=8(pct=65.612)
2025-07-22T09:30:00.000-04:00,SCORE_STRUCT: Effort=0(abs=false sup=false) Events=0 Ghost=0 Spring=0(conf=0) SOT=0 HeldMid=0 Slope=0 VP=10 VPOCmig=0 VAprog=0
2025-07-22T09:30:00.000-04:00,SCORE_BONUS: Power=0 AccBias=5 RSI=5 SFlip=0 HTF=4 RS=0 Ctrl=0 VolDecl=0 VolCon=0 STup=0 SOSbar=5 PhB=0 PShape=0 bShape=0 FinAuc=0 OEL=0 Unfin=0
2025-07-22T09:30:00.000-04:00,SCORE_PENALTY: Climax=0 Stall=0 Failed=0 | regime=1.3 vpBins=34 vpRatio=1
2025-07-23T09:30:00.000-04:00,SCORE_CORE: raw=79 capped=79 cap=85 | HL=25(val=15.904) VolDry=25(vol%=71.61 adj=91) Supply=0 Spread=15(atr%=97.63 adj=110.5) PB=0(pct=76.935)
2025-07-23T09:30:00.000-04:00,SCORE_STRUCT: Effort=0(abs=false sup=false) Events=0 Ghost=0 Spring=0(conf=0) SOT=0 HeldMid=0 Slope=0 VP=10 VPOCmig=0 VAprog=0
2025-07-23T09:30:00.000-04:00,SCORE_BONUS: Power=0 AccBias=0 RSI=5 SFlip=0 HTF=4 RS=0 Ctrl=0 VolDecl=0 VolCon=0 STup=0 SOSbar=5 PhB=0 PShape=0 bShape=0 FinAuc=5 OEL=0 Unfin=0
2025-07-23T09:30:00.000-04:00,SCORE_PENALTY: Climax=0 Stall=-15 Failed=0 | regime=1.3 vpBins=34 vpRatio=0.547
2025-07-24T09:30:00.000-04:00,SCORE_CORE: raw=79 capped=79 cap=85 | HL=25(val=15.904) VolDry=25(vol%=61.722 adj=91) Supply=0 Spread=15(atr%=88.873 adj=110.5) PB=0(pct=76.935)
2025-07-24T09:30:00.000-04:00,SCORE_STRUCT: Effort=0(abs=false sup=false) Events=0 Ghost=0 Spring=0(conf=0) SOT=0 HeldMid=0 Slope=0 VP=10 VPOCmig=0 VAprog=0
2025-07-24T09:30:00.000-04:00,SCORE_BONUS: Power=0 AccBias=0 RSI=5 SFlip=0 HTF=4 RS=0 Ctrl=0 VolDecl=0 VolCon=0 STup=0 SOSbar=5 PhB=0 PShape=0 bShape=0 FinAuc=5 OEL=0 Unfin=0
2025-07-24T09:30:00.000-04:00,SCORE_PENALTY: Climax=0 Stall=-15 Failed=0 | regime=1.3 vpBins=34 vpRatio=0.584
2025-07-25T09:30:00.000-04:00,SCORE_CORE: raw=79 capped=79 cap=85 | HL=25(val=15.684) VolDry=25(vol%=57.759 adj=91) Supply=0 Spread=15(atr%=83.129 adj=110.5) PB=0(pct=78.083)
2025-07-25T09:30:00.000-04:00,SCORE_STRUCT: Effort=0(abs=false sup=false) Events=0 Ghost=0 Spring=0(conf=0) SOT=0 HeldMid=0 Slope=0 VP=10 VPOCmig=0 VAprog=0
2025-07-25T09:30:00.000-04:00,SCORE_BONUS: Power=0 AccBias=0 RSI=5 SFlip=0 HTF=4 RS=0 Ctrl=0 VolDecl=0 VolCon=0 STup=0 SOSbar=5 PhB=0 PShape=0 bShape=0 FinAuc=5 OEL=0 Unfin=0
2025-07-25T09:30:00.000-04:00,SCORE_PENALTY: Climax=0 Stall=-15 Failed=0 | regime=1.3 vpBins=34 vpRatio=0.625
2025-07-28T09:30:00.000-04:00,SCORE_CORE: raw=79 capped=79 cap=85 | HL=25(val=12.353) VolDry=25(vol%=58.169 adj=91) Supply=0 Spread=15(atr%=86.999 adj=110.5) PB=0(pct=95.458)
2025-07-28T09:30:00.000-04:00,SCORE_STRUCT: Effort=0(abs=false sup=false) Events=0 Ghost=0 Spring=0(conf=0) SOT=0 HeldMid=0 Slope=0 VP=10 VPOCmig=0 VAprog=0
2025-07-28T09:30:00.000-04:00,SCORE_BONUS: Power=0 AccBias=0 RSI=5 SFlip=0 HTF=4 RS=0 Ctrl=0 VolDecl=0 VolCon=0 STup=0 SOSbar=5 PhB=0 PShape=0 bShape=0 FinAuc=5 OEL=0 Unfin=0
2025-07-28T09:30:00.000-04:00,SCORE_PENALTY: Climax=0 Stall=-15 Failed=0 | regime=1.3 vpBins=34 vpRatio=0.593
2025-08-20T09:30:00.000-04:00,SPRING: conf=0.754 [close=0.259 reclaim=0.185 vol=0.07 age=0.141 tests=0.1] pivot=293.31 pivotAge=10b
2025-08-25T09:30:00.000-04:00,"TR DETECTED: Support=291.46, Resistance=387.14, Len=20, SlopeUp=false"
2025-08-25T09:30:00.000-04:00,"VPOC SHIFT: Prior=358.407, will compare when VP recalculates"
2025-09-26T09:30:00.000-04:00,SPRING: conf=0.573 [close=0.254 reclaim=0.03 vol=0.079 age=0.143 tests=0.067] pivot=311.3 pivotAge=7b
2025-11-07T09:30:00.000-05:00,SPRING: conf=0.65 [close=0.28 reclaim=0.053 vol=0.125 age=0.125 tests=0.067] pivot=303.4 pivotAge=30b
2025-11-07T09:30:00.000-05:00,SPRING: conf=0.773 [close=0.28 reclaim=0.152 vol=0.125 age=0.115 tests=0.1] pivot=292.56 pivotAge=45b
2025-11-07T09:30:00.000-05:00,SPRING: conf=0.777 [close=0.28 reclaim=0.162 vol=0.125 age=0.109 tests=0.1] pivot=291.46 pivotAge=56b
2025-11-21T09:30:00.000-05:00,SPRING: conf=0.572 [close=0.185 reclaim=0.086 vol=0.116 age=0.086 tests=0.1] pivot=235.292 pivotAge=112b
2025-12-10T09:30:00.000-05:00,"TR DETECTED: Support=231.17, Resistance=311.5, Len=20, SlopeUp=false"
2025-12-10T09:30:00.000-05:00,"VPOC SHIFT: Prior=344.068, will compare when VP recalculates"
2026-01-02T09:30:00.000-05:00,SPRING: conf=0.673 [close=0.253 reclaim=0.107 vol=0.119 age=0.127 tests=0.067] pivot=231.17 pivotAge=27b
2026-01-21T09:30:00.000-05:00,SPRING: conf=0.535 [close=0.15 reclaim=0.04 vol=0.107 age=0.138 tests=0.1] pivot=225.47 pivotAge=13b
2026-01-30T09:30:00.000-05:00,SPRING: conf=0.457 [close=0.142 reclaim=0.044 vol=0.104 age=0.067 tests=0.1] pivot=193.34 pivotAge=185b
2026-02-25T09:30:00.000-05:00,"STATUS: TR=false, SOS=0, LPS=0, VP=false, Score=0, VPOCmig=false"
